order_id,customer_id,product_name,category,quantity,price
1,170,Laptop,Electronics,5,827.79
2,811,Phone,Electronics,2,1482.17
3,777,Tablet,Electronics,3,935.41
4,907,Tablet,Electronics,3,309.19
5,74,Keyboard,Accessories,5,1311.66
6,880,Tablet,Electronics,5,432.13
7,787,Laptop,Electronics,4,1811.07
8,799,Phone,Electronics,2,1344.44
9,417,Laptop,Electronics,1,1579.56
10,79,Laptop,Electronics,4,432.7
11,80,Headphones,Accessories,1,1931.82
12,71,Tablet,Electronics,1,557.24
13,121,Monitor,Electronics,1,1656.47
14,897,Keyboard,Accessories,1,1291.27
15,476,Headphones,Accessories,2,837.89
16,309,Phone,Electronics,3,1102.07
17,237,Headphones,Accessories,1,275.64
18,611,Keyboard,Accessories,1,596.25
19,710,Keyboard,Accessories,3,848.84
20,703,Laptop,Electronics,1,892.28
21,558,Keyboard,Accessories,5,691.27
22,784,Phone,Electronics,1,1874.1
23,696,Monitor,Electronics,2,1592.11
24,538,Headphones,Accessories,3,1943.47
25,97,Keyboard,Accessories,3,1455.86
26,439,Keyboard,Accessories,2,347.09
27,969,Headphones,Accessories,5,992.01
28,936,Tablet,Electronics,2,1614.9
29,884,Laptop,Electronics,3,1316.84
30,632,Headphones,Accessories,3,1701.03
31,999,Monitor,Electronics,4,189.47
32,563,Monitor,Electronics,4,1398.62
33,766,Monitor,Electronics,3,1363.0
34,306,Tablet,Electronics,3,1914.1
35,36,Headphones,Accessories,5,389.95
36,558,Phone,Electronics,3,1436.32
37,306,Headphones,Accessories,4,1726.61
38,369,Monitor,Electronics,1,212.72
39,799,Phone,Electronics,4,1308.61
40,628,Laptop,Electronics,5,1247.73
41,314,Laptop,Electronics,1,1019.33
42,979,Phone,Electronics,1,213.12
43,96,Tablet,Electronics,4,1045.39
44,203,Headphones,Accessories,1,144.56
45,230,Monitor,Electronics,2,1395.33
46,806,Laptop,Electronics,4,388.11
47,956,Headphones,Accessories,5,697.95
48,249,Tablet,Electronics,1,792.0
49,836,Headphones,Accessories,5,1181.97
50,465,Tablet,Electronics,3,251.68
51,275,Headphones,Accessories,3,1424.03
52,748,Monitor,Electronics,5,716.91
53,930,Laptop,Electronics,4,747.61
54,302,Keyboard,Accessories,2,1919.96
55,895,Laptop,Electronics,3,1698.74
56,968,Laptop,Electronics,1,1668.99
57,730,Phone,Electronics,3,1886.55
58,832,Tablet,Electronics,2,1489.2
59,189,Laptop,Electronics,4,1844.12
60,815,Phone,Electronics,4,1311.36
61,959,Tablet,Electronics,1,1316.42
62,211,Tablet,Electronics,1,150.14
63,535,Tablet,Electronics,4,636.57
64,944,Tablet,Electronics,4,1510.39
65,282,Laptop,Electronics,4,927.23
66,295,Monitor,Electronics,4,590.35
67,612,Tablet,Electronics,3,235.54
68,702,Tablet,Electronics,2,1753.29
69,355,Tablet,Electronics,2,1460.57
70,206,Laptop,Electronics,3,1525.51
71,478,Phone,Electronics,1,1765.82
72,780,Headphones,Accessories,2,938.7
73,650,Tablet,Electronics,2,400.22
74,683,Tablet,Electronics,2,679.79
75,399,Headphones,Accessories,3,1731.59
76,768,Phone,Electronics,3,835.37
77,456,Keyboard,Accessories,1,1698.04
78,682,Headphones,Accessories,3,841.13
79,78,Tablet,Electronics,1,855.82
80,323,Headphones,Accessories,5,1804.08
81,877,Headphones,Accessories,3,1325.69
82,798,Laptop,Electronics,3,491.02
83,750,Phone,Electronics,5,1186.56
84,678,Keyboard,Accessories,4,127.58
85,784,Keyboard,Accessories,2,979.77
86,588,Laptop,Electronics,2,1420.85
87,700,Monitor,Electronics,5,377.47
88,501,Tablet,Electronics,5,1771.06
89,180,Headphones,Accessories,4,330.87
90,356,Tablet,Electronics,2,1956.48
91,745,Phone,Electronics,4,1931.38
92,446,Headphones,Accessories,2,1456.22
93,541,Headphones,Accessories,4,175.59
94,375,Laptop,Electronics,3,1887.86
95,291,Phone,Electronics,2,1136.67
96,277,Phone,Electronics,5,876.44
97,709,Headphones,Accessories,2,446.98
98,537,Keyboard,Accessories,1,548.9
99,868,Phone,Electronics,2,603.49
100,390,Phone,Electronics,3,1497.89
101,494,Tablet,Electronics,5,798.0
102,636,Keyboard,Accessories,4,1984.19
103,413,Phone,Electronics,3,871.14
104,400,Tablet,Electronics,5,1545.69
105,885,Tablet,Electronics,3,701.71
106,564,Phone,Electronics,2,1351.28
107,594,Laptop,Electronics,2,602.83
108,237,Tablet,Electronics,1,1496.7
109,857,Keyboard,Accessories,3,821.33
110,297,Headphones,Accessories,3,700.14
111,528,Tablet,Electronics,5,234.77
112,840,Laptop,Electronics,5,268.43
113,356,Keyboard,Accessories,1,502.49
114,443,Headphones,Accessories,1,526.64
115,591,Laptop,Electronics,1,824.82
116,581,Headphones,Accessories,2,978.41
117,911,Laptop,Electronics,5,186.39
118,514,Monitor,Electronics,5,626.24
119,613,Phone,Electronics,2,1624.71
120,857,Keyboard,Accessories,1,677.74
121,378,Keyboard,Accessories,1,974.35
122,692,Headphones,Accessories,3,1256.42
123,7,Laptop,Electronics,5,1388.06
124,748,Phone,Electronics,2,1882.36
125,561,Laptop,Electronics,4,504.08
126,504,Keyboard,Accessories,4,574.81
127,970,Monitor,Electronics,2,1778.91
128,306,Laptop,Electronics,4,479.15
129,900,Monitor,Electronics,1,269.94
130,949,Headphones,Accessories,3,137.01
131,397,Monitor,Electronics,1,850.76
132,394,Monitor,Electronics,2,875.58
133,317,Laptop,Electronics,2,1420.24
134,658,Headphones,Accessories,4,284.9
135,554,Keyboard,Accessories,2,210.65
136,302,Laptop,Electronics,3,906.22
137,852,Tablet,Electronics,4,1027.08
138,287,Phone,Electronics,2,1981.84
139,919,Phone,Electronics,2,216.17
140,282,Tablet,Electronics,2,1015.15
141,201,Laptop,Electronics,1,1872.13
142,20,Laptop,Electronics,3,1622.86
143,22,Keyboard,Accessories,3,1981.92
144,360,Laptop,Electronics,4,912.3
145,689,Phone,Electronics,4,1047.88
146,438,Phone,Electronics,3,857.31
147,157,Phone,Electronics,5,1213.63
148,223,Phone,Electronics,4,402.25
149,430,Keyboard,Accessories,2,771.74
150,460,Keyboard,Accessories,2,810.9
151,770,Tablet,Electronics,1,801.43
152,388,Laptop,Electronics,5,1487.76
153,314,Tablet,Electronics,3,1204.27
154,310,Headphones,Accessories,3,191.28
155,479,Tablet,Electronics,3,652.45
156,111,Monitor,Electronics,5,1284.52
157,511,Phone,Electronics,2,1611.84
158,214,Laptop,Electronics,3,1250.02
159,847,Keyboard,Accessories,2,1719.33
160,618,Monitor,Electronics,4,154.59
161,198,Tablet,Electronics,4,987.83
162,906,Keyboard,Accessories,3,536.91
163,925,Laptop,Electronics,4,625.07
164,663,Monitor,Electronics,3,1064.8
165,462,Headphones,Accessories,5,416.14
166,994,Tablet,Electronics,1,1787.65
167,931,Tablet,Electronics,5,1052.55
168,178,Phone,Electronics,3,123.31
169,690,Phone,Electronics,5,1270.45
170,103,Tablet,Electronics,1,353.34
171,506,Phone,Electronics,5,1234.92
172,727,Phone,Electronics,2,1229.9
173,192,Headphones,Accessories,5,307.07
174,445,Headphones,Accessories,5,261.53
175,699,Headphones,Accessories,1,510.17
176,935,Keyboard,Accessories,1,1354.86
177,791,Monitor,Electronics,1,463.91
178,249,Keyboard,Accessories,4,1915.23
179,618,Monitor,Electronics,5,1118.81
180,682,Monitor,Electronics,4,1498.26
181,451,Laptop,Electronics,3,988.36
182,588,Keyboard,Accessories,1,1898.45
183,500,Phone,Electronics,5,1751.07
184,861,Laptop,Electronics,1,1046.15
185,6,Laptop,Electronics,5,964.07
186,620,Headphones,Accessories,3,1856.67
187,847,Keyboard,Accessories,3,876.13
188,21,Keyboard,Accessories,1,367.0
189,460,Phone,Electronics,1,1015.95
190,703,Tablet,Electronics,1,331.22
191,502,Monitor,Electronics,5,477.29
192,723,Tablet,Electronics,1,499.37
193,865,Phone,Electronics,2,1016.95
194,917,Laptop,Electronics,2,480.54
195,514,Laptop,Electronics,4,1892.64
196,847,Tablet,Electronics,4,731.48
197,282,Headphones,Accessories,1,1990.44
198,3,Keyboard,Accessories,2,213.69
199,338,Laptop,Electronics,3,659.43
200,642,Monitor,Electronics,5,589.85
201,418,Keyboard,Accessories,2,997.94
202,54,Tablet,Electronics,1,891.25
203,716,Phone,Electronics,5,953.37
204,554,Keyboard,Accessories,4,1100.14
205,470,Laptop,Electronics,4,1029.99
206,204,Phone,Electronics,5,1745.71
207,840,Laptop,Electronics,3,1245.82
208,865,Headphones,Accessories,1,1962.62
209,471,Headphones,Accessories,1,750.41
210,707,Monitor,Electronics,5,995.56
211,379,Headphones,Accessories,3,414.37
212,142,Headphones,Accessories,3,1245.46
213,789,Headphones,Accessories,2,200.04
214,438,Phone,Electronics,2,1519.67
215,623,Keyboard,Accessories,2,1680.26
216,971,Phone,Electronics,5,854.29
217,712,Headphones,Accessories,1,945.91
218,991,Headphones,Accessories,5,170.97
219,350,Laptop,Electronics,4,658.22
220,978,Tablet,Electronics,1,330.84
221,314,Tablet,Electronics,4,998.55
222,505,Monitor,Electronics,3,742.7
223,599,Keyboard,Accessories,4,500.47
224,845,Headphones,Accessories,3,796.0
225,46,Headphones,Accessories,5,413.51
226,715,Tablet,Electronics,1,1252.14
227,130,Laptop,Electronics,2,1216.54
228,696,Keyboard,Accessories,1,1948.87
229,767,Laptop,Electronics,3,810.03
230,677,Headphones,Accessories,2,100.94
231,293,Keyboard,Accessories,5,1131.96
232,498,Headphones,Accessories,3,807.64
233,387,Monitor,Electronics,5,1341.26
234,844,Monitor,Electronics,2,1528.79
235,309,Keyboard,Accessories,1,330.44
236,750,Laptop,Electronics,4,1367.12
237,521,Phone,Electronics,2,267.15
238,815,Tablet,Electronics,5,602.64
239,666,Laptop,Electronics,2,1102.28
240,488,Monitor,Electronics,1,428.46
241,964,Tablet,Electronics,1,1094.54
242,536,Tablet,Electronics,3,674.81
243,717,Headphones,Accessories,3,778.12
244,476,Monitor,Electronics,5,1039.44
245,759,Laptop,Electronics,3,1297.63
246,604,Laptop,Electronics,2,1171.8
247,462,Phone,Electronics,2,746.95
248,792,Headphones,Accessories,5,1582.99
249,107,Phone,Electronics,4,1062.01
250,82,Laptop,Electronics,3,991.98
251,691,Laptop,Electronics,5,1153.59
252,458,Monitor,Electronics,3,451.61
253,520,Headphones,Accessories,4,787.12
254,60,Headphones,Accessories,3,1090.55
255,494,Tablet,Electronics,3,106.93
256,97,Tablet,Electronics,3,1560.1
257,259,Monitor,Electronics,2,1807.89
258,731,Tablet,Electronics,2,1950.34
259,897,Laptop,Electronics,4,151.3
260,877,Laptop,Electronics,2,593.62
261,288,Headphones,Accessories,4,1945.19
262,655,Laptop,Electronics,1,506.51
263,780,Headphones,Accessories,4,1760.26
264,334,Monitor,Electronics,4,164.36
265,547,Monitor,Electronics,2,333.44
266,324,Phone,Electronics,1,1436.06
267,571,Keyboard,Accessories,3,1719.26
268,49,Keyboard,Accessories,4,771.65
269,253,Keyboard,Accessories,4,1237.68
270,216,Tablet,Electronics,3,144.78
271,917,Phone,Electronics,1,924.58
272,78,Headphones,Accessories,4,224.41
273,186,Keyboard,Accessories,3,1615.43
274,790,Laptop,Electronics,2,1409.21
275,337,Tablet,Electronics,3,213.39
276,731,Headphones,Accessories,4,700.59
277,347,Keyboard,Accessories,4,176.51
278,597,Monitor,Electronics,3,960.66
279,547,Keyboard,Accessories,2,449.91
280,883,Tablet,Electronics,5,1286.36
281,342,Monitor,Electronics,4,1246.45
282,324,Laptop,Electronics,1,1637.34
283,231,Keyboard,Accessories,2,1457.24
284,578,Headphones,Accessories,1,1145.58
285,492,Laptop,Electronics,3,1824.04
286,309,Monitor,Electronics,5,1288.2
287,260,Phone,Electronics,5,1202.39
288,955,Tablet,Electronics,1,1820.34
289,521,Phone,Electronics,3,1992.83
290,912,Laptop,Electronics,4,715.76
291,960,Headphones,Accessories,3,1599.39
292,716,Phone,Electronics,4,1379.27
293,959,Keyboard,Accessories,1,997.72
294,574,Keyboard,Accessories,4,821.47
295,190,Laptop,Electronics,4,1471.36
296,917,Headphones,Accessories,2,1449.26
297,585,Phone,Electronics,4,1765.55
298,725,Tablet,Electronics,2,498.38
299,845,Monitor,Electronics,4,272.54
300,675,Laptop,Electronics,5,1017.06
301,302,Laptop,Electronics,2,249.82
302,959,Phone,Electronics,2,1030.04
303,739,Monitor,Electronics,5,684.78
304,63,Phone,Electronics,1,1667.51
305,291,Keyboard,Accessories,5,1431.43
306,281,Tablet,Electronics,1,1160.43
307,877,Tablet,Electronics,5,841.17
308,557,Phone,Electronics,1,1191.71
309,599,Phone,Electronics,1,1050.59
310,33,Phone,Electronics,2,235.27
311,557,Monitor,Electronics,1,1311.59
312,260,Keyboard,Accessories,2,1956.82
313,895,Keyboard,Accessories,3,1956.36
314,59,Keyboard,Accessories,4,148.82
315,873,Tablet,Electronics,1,1854.32
316,619,Monitor,Electronics,1,448.38
317,125,Monitor,Electronics,3,1776.36
318,998,Tablet,Electronics,5,1168.58
319,810,Phone,Electronics,4,777.48
320,321,Phone,Electronics,2,811.32
321,366,Headphones,Accessories,3,1482.41
322,600,Phone,Electronics,3,1849.51
323,83,Tablet,Electronics,3,1506.43
324,617,Headphones,Accessories,4,300.52
325,636,Keyboard,Accessories,2,751.64
326,432,Keyboard,Accessories,1,1019.65
327,834,Phone,Electronics,3,1555.95
328,988,Headphones,Accessories,1,570.77
329,821,Tablet,Electronics,1,1046.14
330,386,Monitor,Electronics,3,243.16
331,445,Phone,Electronics,5,1140.37
332,399,Tablet,Electronics,2,1079.28
333,509,Monitor,Electronics,3,994.91
334,232,Keyboard,Accessories,3,248.59
335,307,Tablet,Electronics,1,554.73
336,313,Keyboard,Accessories,1,1288.56
337,709,Tablet,Electronics,4,1171.02
338,111,Keyboard,Accessories,5,1771.22
339,977,Tablet,Electronics,5,713.08
340,125,Monitor,Electronics,1,1034.38
341,875,Tablet,Electronics,2,866.79
342,994,Headphones,Accessories,4,1273.54
343,186,Tablet,Electronics,4,834.93
344,179,Laptop,Electronics,1,741.0
345,967,Monitor,Electronics,4,1987.51
346,818,Laptop,Electronics,5,751.53
347,821,Keyboard,Accessories,1,476.74
348,115,Laptop,Electronics,1,104.3
349,268,Laptop,Electronics,4,1911.59
350,725,Laptop,Electronics,3,616.22
351,441,Monitor,Electronics,4,1814.71
352,525,Phone,Electronics,3,698.6
353,738,Keyboard,Accessories,5,337.8
354,184,Tablet,Electronics,2,1529.27
355,486,Keyboard,Accessories,2,615.98
356,360,Keyboard,Accessories,1,1710.7
357,71,Headphones,Accessories,5,1167.24
358,329,Phone,Electronics,2,442.8
359,314,Tablet,Electronics,4,956.04
360,333,Laptop,Electronics,4,1585.48
361,17,Monitor,Electronics,3,1218.0
362,622,Phone,Electronics,3,608.41
363,68,Keyboard,Accessories,4,153.05
364,875,Monitor,Electronics,4,1699.81
365,447,Tablet,Electronics,3,193.97
366,876,Headphones,Accessories,1,729.6
367,906,Headphones,Accessories,4,692.94
368,906,Tablet,Electronics,5,793.06
369,947,Headphones,Accessories,5,233.26
370,825,Phone,Electronics,3,133.63
371,384,Phone,Electronics,1,503.52
372,297,Keyboard,Accessories,1,1558.83
373,794,Phone,Electronics,1,1944.4
374,687,Tablet,Electronics,5,112.19
375,927,Keyboard,Accessories,2,1119.92
376,707,Phone,Electronics,4,423.44
377,357,Laptop,Electronics,2,732.66
378,463,Keyboard,Accessories,3,646.62
379,478,Phone,Electronics,1,1112.33
380,430,Keyboard,Accessories,3,1808.19
381,673,Headphones,Accessories,5,989.41
382,873,Tablet,Electronics,1,1154.65
383,633,Headphones,Accessories,3,1326.35
384,455,Monitor,Electronics,3,859.68
385,649,Phone,Electronics,1,836.11
386,294,Headphones,Accessories,3,907.38
387,191,Laptop,Electronics,4,1307.85
388,692,Keyboard,Accessories,1,326.03
389,876,Monitor,Electronics,3,1178.11
390,388,Monitor,Electronics,2,1351.14
391,395,Tablet,Electronics,4,729.91
392,357,Keyboard,Accessories,3,1070.44
393,587,Tablet,Electronics,4,1982.74
394,240,Monitor,Electronics,5,421.92
395,668,Headphones,Accessories,4,820.45
396,718,Monitor,Electronics,2,1154.4
397,605,Keyboard,Accessories,5,1058.41
398,491,Monitor,Electronics,3,735.96
399,249,Tablet,Electronics,2,1956.88
400,643,Phone,Electronics,5,937.07
401,530,Tablet,Electronics,2,1945.53
402,636,Headphones,Accessories,1,113.54
403,164,Laptop,Electronics,3,557.13
404,765,Tablet,Electronics,5,350.34
405,912,Headphones,Accessories,5,1567.69
406,906,Headphones,Accessories,1,977.74
407,4,Monitor,Electronics,5,1691.89
408,468,Headphones,Accessories,4,815.44
409,274,Laptop,Electronics,2,271.33
410,594,Laptop,Electronics,1,1065.17
411,835,Monitor,Electronics,1,508.68
412,714,Phone,Electronics,4,291.51
413,194,Headphones,Accessories,5,871.99
414,945,Laptop,Electronics,1,716.24
415,283,Monitor,Electronics,5,325.18
416,139,Phone,Electronics,2,1285.71
417,444,Tablet,Electronics,4,1774.43
418,99,Monitor,Electronics,3,262.36
419,600,Keyboard,Accessories,5,1582.65
420,665,Laptop,Electronics,5,1186.77
421,562,Keyboard,Accessories,1,554.9
422,877,Monitor,Electronics,4,1317.12
423,300,Keyboard,Accessories,2,401.08
424,159,Laptop,Electronics,3,896.62
425,763,Tablet,Electronics,1,1703.82
426,120,Tablet,Electronics,2,1163.75
427,180,Keyboard,Accessories,3,152.16
428,841,Laptop,Electronics,2,1317.6
429,522,Keyboard,Accessories,3,1773.35
430,507,Headphones,Accessories,5,1709.69
431,439,Headphones,Accessories,5,1240.5
432,944,Monitor,Electronics,3,1426.44
433,106,Headphones,Accessories,2,640.04
434,805,Phone,Electronics,1,1515.86
435,989,Monitor,Electronics,1,863.92
436,509,Phone,Electronics,4,1601.25
437,984,Headphones,Accessories,1,1837.9
438,146,Tablet,Electronics,2,1073.56
439,92,Keyboard,Accessories,2,328.1
440,154,Monitor,Electronics,1,534.9
441,543,Keyboard,Accessories,2,1417.85
442,192,Headphones,Accessories,2,315.5
443,461,Tablet,Electronics,5,878.2
444,885,Laptop,Electronics,3,1259.99
445,858,Headphones,Accessories,2,1062.24
446,901,Keyboard,Accessories,4,1971.0
447,176,Keyboard,Accessories,4,108.76
448,907,Monitor,Electronics,2,163.75
449,771,Tablet,Electronics,3,189.15
450,589,Monitor,Electronics,4,180.12
451,409,Tablet,Electronics,1,761.6
452,31,Phone,Electronics,2,595.83
453,800,Tablet,Electronics,4,373.94
454,519,Phone,Electronics,3,1407.13
455,739,Monitor,Electronics,1,1097.35
456,117,Phone,Electronics,4,518.44
457,380,Laptop,Electronics,4,1758.64
458,872,Phone,Electronics,3,1592.15
459,242,Tablet,Electronics,5,836.71
460,412,Tablet,Electronics,5,729.8
461,48,Laptop,Electronics,2,1748.12
462,244,Tablet,Electronics,5,136.6
463,195,Keyboard,Accessories,1,842.47
464,162,Monitor,Electronics,1,1472.14
465,616,Headphones,Accessories,1,1098.89
466,494,Tablet,Electronics,5,1458.25
467,522,Phone,Electronics,1,718.84
468,382,Tablet,Electronics,5,1517.1
469,846,Keyboard,Accessories,2,838.21
470,291,Tablet,Electronics,1,1222.84
471,993,Phone,Electronics,1,617.09
472,118,Phone,Electronics,5,190.51
473,65,Keyboard,Accessories,2,1330.53
474,546,Phone,Electronics,1,1447.93
475,429,Headphones,Accessories,1,356.24
476,64,Laptop,Electronics,1,1707.11
477,454,Phone,Electronics,5,850.91
478,310,Monitor,Electronics,1,1861.67
479,95,Keyboard,Accessories,3,548.8
480,987,Monitor,Electronics,1,1184.84
481,677,Phone,Electronics,3,1558.7
482,795,Phone,Electronics,4,1462.62
483,170,Keyboard,Accessories,3,539.17
484,994,Headphones,Accessories,1,475.4
485,615,Headphones,Accessories,5,184.45
486,695,Laptop,Electronics,3,1001.04
487,958,Tablet,Electronics,4,1987.79
488,201,Keyboard,Accessories,5,1823.32
489,993,Phone,Electronics,3,107.73
490,721,Phone,Electronics,1,1252.44
491,337,Phone,Electronics,2,1223.43
492,855,Laptop,Electronics,1,1809.61
493,827,Phone,Electronics,1,1742.35
494,609,Laptop,Electronics,5,1223.82
495,291,Monitor,Electronics,2,1939.72
496,697,Keyboard,Accessories,2,363.3
497,396,Keyboard,Accessories,1,1397.75
498,59,Headphones,Accessories,4,319.21
499,251,Keyboard,Accessories,3,1602.54
500,745,Keyboard,Accessories,5,1615.33
501,823,Monitor,Electronics,5,1072.96
502,34,Headphones,Accessories,1,1398.08
503,584,Laptop,Electronics,3,374.35
504,721,Headphones,Accessories,4,991.2
505,515,Monitor,Electronics,4,337.25
506,433,Monitor,Electronics,4,890.4
507,220,Monitor,Electronics,1,1956.03
508,148,Headphones,Accessories,5,1683.31
509,3,Phone,Electronics,1,827.81
510,823,Headphones,Accessories,4,562.21
511,484,Monitor,Electronics,4,454.37
512,545,Phone,Electronics,5,1780.54
513,953,Phone,Electronics,4,1794.68
514,514,Monitor,Electronics,2,480.4
515,393,Monitor,Electronics,1,555.37
516,716,Monitor,Electronics,5,1948.25
517,104,Tablet,Electronics,5,1371.5
518,356,Phone,Electronics,4,1039.87
519,94,Keyboard,Accessories,2,1129.75
520,293,Phone,Electronics,4,614.45
521,659,Headphones,Accessories,2,337.1
522,79,Headphones,Accessories,3,961.0
523,289,Monitor,Electronics,1,378.39
524,478,Phone,Electronics,1,1153.36
525,940,Laptop,Electronics,1,1810.13
526,970,Headphones,Accessories,3,1515.76
527,839,Phone,Electronics,2,981.82
528,720,Keyboard,Accessories,4,724.9
529,567,Tablet,Electronics,3,1696.38
530,789,Laptop,Electronics,4,716.81
531,309,Keyboard,Accessories,4,638.91
532,606,Keyboard,Accessories,2,1403.32
533,455,Headphones,Accessories,5,870.08
534,690,Headphones,Accessories,5,1837.62
535,279,Tablet,Electronics,4,274.68
536,217,Phone,Electronics,2,1871.34
537,595,Tablet,Electronics,1,310.47
538,246,Monitor,Electronics,2,208.07
539,153,Keyboard,Accessories,3,531.09
540,215,Phone,Electronics,2,1429.93
541,816,Laptop,Electronics,5,893.2
542,395,Phone,Electronics,5,1309.53
543,398,Phone,Electronics,4,1498.93
544,237,Keyboard,Accessories,2,1323.94
545,597,Laptop,Electronics,3,760.92
546,975,Keyboard,Accessories,4,1084.76
547,974,Headphones,Accessories,1,239.86
548,621,Headphones,Accessories,5,194.2
549,130,Tablet,Electronics,4,1694.07
550,6,Phone,Electronics,3,1792.11
551,990,Tablet,Electronics,3,1197.48
552,60,Phone,Electronics,4,1277.17
553,65,Phone,Electronics,1,1139.42
554,518,Tablet,Electronics,2,1372.4
555,188,Keyboard,Accessories,4,1532.19
556,573,Laptop,Electronics,2,808.78
557,676,Monitor,Electronics,5,1972.65
558,913,Monitor,Electronics,5,957.14
559,263,Laptop,Electronics,4,196.69
560,65,Phone,Electronics,3,785.82
561,445,Monitor,Electronics,1,769.31
562,128,Laptop,Electronics,5,380.4
563,754,Laptop,Electronics,4,701.15
564,311,Laptop,Electronics,5,926.05
565,801,Monitor,Electronics,3,1739.99
566,255,Keyboard,Accessories,5,657.7
567,38,Laptop,Electronics,2,692.24
568,106,Tablet,Electronics,2,1763.91
569,604,Tablet,Electronics,3,134.18
570,874,Tablet,Electronics,1,498.98
571,386,Tablet,Electronics,1,1179.28
572,105,Monitor,Electronics,5,1147.9
573,907,Keyboard,Accessories,1,1892.28
574,829,Headphones,Accessories,4,941.26
575,933,Headphones,Accessories,2,1965.53
576,31,Monitor,Electronics,4,291.35
577,980,Tablet,Electronics,2,266.5
578,511,Headphones,Accessories,2,1278.74
579,120,Laptop,Electronics,4,341.78
580,489,Keyboard,Accessories,1,1002.33
581,354,Tablet,Electronics,1,1975.41
582,821,Headphones,Accessories,5,116.14
583,965,Laptop,Electronics,5,1636.88
584,607,Laptop,Electronics,5,731.82
585,726,Phone,Electronics,2,1871.59
586,211,Phone,Electronics,5,1668.7
587,489,Phone,Electronics,4,953.15
588,183,Keyboard,Accessories,4,1863.21
589,888,Phone,Electronics,5,275.61
590,585,Laptop,Electronics,2,581.6
591,251,Phone,Electronics,2,1085.93
592,339,Monitor,Electronics,3,1549.78
593,916,Keyboard,Accessories,1,1314.25
594,345,Headphones,Accessories,5,353.28
595,795,Tablet,Electronics,3,1017.07
596,107,Tablet,Electronics,4,901.45
597,802,Keyboard,Accessories,3,341.33
598,306,Keyboard,Accessories,1,908.84
599,346,Monitor,Electronics,3,1867.06
600,863,Phone,Electronics,3,1984.73
601,434,Headphones,Accessories,5,733.14
602,977,Phone,Electronics,2,1796.59
603,345,Laptop,Electronics,4,1041.5
604,614,Headphones,Accessories,3,504.18
605,448,Tablet,Electronics,1,478.34
606,984,Tablet,Electronics,4,1041.77
607,375,Laptop,Electronics,4,1437.69
608,991,Monitor,Electronics,5,1318.03
609,776,Headphones,Accessories,5,837.95
610,831,Tablet,Electronics,3,1616.75
611,599,Monitor,Electronics,4,1445.86
612,151,Phone,Electronics,2,1741.69
613,558,Tablet,Electronics,5,1473.06
614,107,Laptop,Electronics,2,188.47
615,408,Headphones,Accessories,1,115.42
616,566,Phone,Electronics,5,493.04
617,703,Keyboard,Accessories,1,1073.74
618,378,Monitor,Electronics,1,1524.5
619,901,Monitor,Electronics,1,1728.99
620,718,Monitor,Electronics,1,568.04
621,708,Tablet,Electronics,5,1216.38
622,219,Phone,Electronics,4,1929.6
623,703,Phone,Electronics,1,301.9
624,258,Tablet,Electronics,1,1841.88
625,682,Tablet,Electronics,3,710.3
626,235,Headphones,Accessories,3,1034.36
627,929,Tablet,Electronics,3,579.87
628,375,Tablet,Electronics,3,1026.71
629,794,Headphones,Accessories,4,1821.26
630,820,Laptop,Electronics,4,1565.12
631,128,Headphones,Accessories,3,1150.59
632,681,Headphones,Accessories,4,1800.72
633,571,Keyboard,Accessories,5,1393.78
634,606,Keyboard,Accessories,2,1110.11
635,625,Headphones,Accessories,1,1789.43
636,19,Laptop,Electronics,2,705.18
637,202,Headphones,Accessories,4,797.92
638,27,Tablet,Electronics,3,776.3
639,610,Phone,Electronics,4,771.22
640,757,Tablet,Electronics,5,1733.91
641,422,Keyboard,Accessories,1,190.62
642,568,Monitor,Electronics,2,860.81
643,505,Laptop,Electronics,3,293.65
644,151,Monitor,Electronics,4,1265.51
645,65,Headphones,Accessories,2,974.21
646,555,Phone,Electronics,3,1201.28
647,489,Tablet,Electronics,5,828.9
648,595,Tablet,Electronics,4,1972.77
649,693,Tablet,Electronics,1,251.36
650,183,Keyboard,Accessories,1,408.65
651,320,Headphones,Accessories,4,1274.39
652,839,Headphones,Accessories,1,880.98
653,143,Laptop,Electronics,2,436.16
654,277,Keyboard,Accessories,4,1185.58
655,382,Headphones,Accessories,5,704.74
656,679,Phone,Electronics,1,1821.13
657,720,Monitor,Electronics,4,1526.53
658,119,Keyboard,Accessories,3,653.77
659,858,Tablet,Electronics,2,995.9
660,124,Tablet,Electronics,5,1586.22
661,146,Headphones,Accessories,5,803.87
662,190,Tablet,Electronics,1,1593.53
663,810,Phone,Electronics,3,739.36
664,148,Headphones,Accessories,2,865.74
665,684,Tablet,Electronics,5,1555.63
666,521,Laptop,Electronics,2,1574.43
667,996,Laptop,Electronics,4,1304.69
668,666,Tablet,Electronics,2,379.62
669,108,Tablet,Electronics,1,1218.29
670,278,Tablet,Electronics,1,1909.2
671,636,Headphones,Accessories,3,889.35
672,752,Phone,Electronics,5,1481.15
673,841,Headphones,Accessories,2,1899.88
674,351,Tablet,Electronics,4,198.37
675,729,Tablet,Electronics,3,1310.2
676,873,Keyboard,Accessories,4,837.37
677,187,Laptop,Electronics,3,731.57
678,908,Tablet,Electronics,3,1125.23
679,372,Keyboard,Accessories,3,952.44
680,387,Keyboard,Accessories,5,959.31
681,945,Phone,Electronics,3,267.62
682,616,Monitor,Electronics,2,1418.14
683,504,Monitor,Electronics,2,1539.96
684,768,Monitor,Electronics,2,154.32
685,127,Keyboard,Accessories,5,481.38
686,998,Keyboard,Accessories,2,499.49
687,704,Keyboard,Accessories,5,303.44
688,988,Monitor,Electronics,3,1854.56
689,776,Keyboard,Accessories,3,509.74
690,857,Keyboard,Accessories,4,1397.67
691,418,Monitor,Electronics,4,710.2
692,309,Monitor,Electronics,5,1853.88
693,506,Monitor,Electronics,3,1961.93
694,667,Keyboard,Accessories,1,487.22
695,144,Laptop,Electronics,1,647.3
696,683,Headphones,Accessories,3,652.18
697,997,Headphones,Accessories,3,752.81
698,94,Headphones,Accessories,3,422.5
699,219,Phone,Electronics,2,1767.93
700,294,Phone,Electronics,3,758.68
701,710,Phone,Electronics,5,821.06
702,164,Phone,Electronics,5,1441.6
703,934,Monitor,Electronics,5,470.33
704,997,Tablet,Electronics,5,769.16
705,687,Phone,Electronics,5,1916.33
706,243,Tablet,Electronics,2,264.31
707,980,Tablet,Electronics,5,945.41
708,385,Tablet,Electronics,3,597.85
709,623,Tablet,Electronics,4,264.63
710,669,Laptop,Electronics,2,1002.57
711,335,Monitor,Electronics,3,1462.71
712,158,Laptop,Electronics,2,809.0
713,902,Headphones,Accessories,5,967.61
714,593,Keyboard,Accessories,5,1865.73
715,483,Tablet,Electronics,2,899.75
716,423,Monitor,Electronics,2,1694.59
717,322,Monitor,Electronics,3,466.88
718,798,Phone,Electronics,5,1031.16
719,634,Monitor,Electronics,2,320.96
720,578,Keyboard,Accessories,2,1772.78
721,849,Laptop,Electronics,4,1988.2
722,831,Tablet,Electronics,3,938.07
723,14,Tablet,Electronics,2,380.52
724,430,Laptop,Electronics,2,799.16
725,113,Tablet,Electronics,5,742.9
726,358,Keyboard,Accessories,4,1120.35
727,117,Laptop,Electronics,5,933.8
728,848,Keyboard,Accessories,3,591.96
729,180,Keyboard,Accessories,2,1617.65
730,795,Tablet,Electronics,3,307.12
731,686,Monitor,Electronics,2,883.56
732,830,Laptop,Electronics,2,443.4
733,176,Keyboard,Accessories,5,708.62
734,208,Tablet,Electronics,3,1959.54
735,267,Keyboard,Accessories,5,1756.53
736,940,Headphones,Accessories,2,848.11
737,184,Phone,Electronics,1,1957.38
738,67,Monitor,Electronics,3,1516.17
739,434,Tablet,Electronics,5,341.88
740,555,Laptop,Electronics,5,1326.75
741,657,Keyboard,Accessories,2,818.03
742,861,Phone,Electronics,2,1324.82
743,831,Tablet,Electronics,3,1516.5
744,226,Laptop,Electronics,5,524.23
745,641,Keyboard,Accessories,3,215.59
746,858,Monitor,Electronics,1,688.83
747,541,Monitor,Electronics,5,1480.72
748,477,Monitor,Electronics,3,1189.8
749,714,Keyboard,Accessories,4,409.74
750,192,Keyboard,Accessories,3,919.28
751,565,Keyboard,Accessories,2,525.12
752,278,Headphones,Accessories,2,1003.68
753,263,Keyboard,Accessories,5,311.45
754,195,Phone,Electronics,2,936.89
755,425,Phone,Electronics,2,244.66
756,501,Monitor,Electronics,3,1375.41
757,83,Keyboard,Accessories,5,1939.75
758,275,Tablet,Electronics,3,1782.19
759,196,Monitor,Electronics,5,803.28
760,133,Tablet,Electronics,1,407.82
761,269,Laptop,Electronics,4,631.28
762,371,Keyboard,Accessories,5,1577.85
763,946,Headphones,Accessories,1,1863.59
764,867,Monitor,Electronics,4,1816.87
765,157,Phone,Electronics,5,1392.69
766,902,Monitor,Electronics,2,110.02
767,258,Monitor,Electronics,1,960.09
768,593,Monitor,Electronics,2,1808.88
769,30,Headphones,Accessories,3,156.94
770,989,Keyboard,Accessories,2,104.08
771,252,Tablet,Electronics,2,1022.18
772,510,Phone,Electronics,4,826.68
773,284,Keyboard,Accessories,4,1307.9
774,878,Keyboard,Accessories,5,1268.57
775,382,Laptop,Electronics,3,1200.27
776,838,Phone,Electronics,4,1225.81
777,490,Monitor,Electronics,5,835.17
778,996,Headphones,Accessories,4,1072.19
779,37,Monitor,Electronics,5,388.95
780,554,Tablet,Electronics,5,1090.11
781,600,Tablet,Electronics,2,355.58
782,620,Monitor,Electronics,2,914.46
783,618,Keyboard,Accessories,5,975.19
784,17,Phone,Electronics,3,1941.2
785,127,Phone,Electronics,4,1284.07
786,872,Headphones,Accessories,2,1084.55
787,824,Headphones,Accessories,4,355.84
788,166,Phone,Electronics,3,1877.97
789,298,Monitor,Electronics,3,459.83
790,307,Phone,Electronics,5,1115.63
791,893,Phone,Electronics,2,737.92
792,54,Phone,Electronics,1,1112.34
793,206,Monitor,Electronics,4,704.24
794,688,Tablet,Electronics,2,182.78
795,176,Tablet,Electronics,5,176.91
796,392,Monitor,Electronics,5,1443.62
797,641,Tablet,Electronics,4,1315.32
798,530,Laptop,Electronics,5,1575.45
799,478,Monitor,Electronics,5,1846.49
800,740,Keyboard,Accessories,4,1641.13
801,6,Laptop,Electronics,3,1859.2
802,729,Keyboard,Accessories,4,1275.6
803,774,Headphones,Accessories,3,1344.29
804,891,Phone,Electronics,2,1635.7
805,992,Tablet,Electronics,1,710.43
806,657,Laptop,Electronics,5,184.26
807,497,Keyboard,Accessories,3,1685.32
808,755,Tablet,Electronics,1,235.96
809,12,Tablet,Electronics,2,1718.39
810,221,Laptop,Electronics,3,1272.65
811,789,Laptop,Electronics,5,760.16
812,43,Phone,Electronics,5,1962.55
813,133,Laptop,Electronics,2,474.77
814,434,Keyboard,Accessories,2,1027.87
815,542,Headphones,Accessories,1,829.57
816,410,Tablet,Electronics,1,759.72
817,685,Headphones,Accessories,5,1804.91
818,156,Laptop,Electronics,4,1472.56
819,473,Headphones,Accessories,5,1676.18
820,97,Tablet,Electronics,3,1036.98
821,901,Tablet,Electronics,5,136.58
822,791,Laptop,Electronics,1,868.97
823,73,Phone,Electronics,5,229.37
824,478,Keyboard,Accessories,1,590.96
825,329,Laptop,Electronics,1,1705.65
826,919,Keyboard,Accessories,1,134.99
827,849,Phone,Electronics,2,1607.67
828,596,Headphones,Accessories,1,1857.56
829,208,Tablet,Electronics,1,581.09
830,155,Tablet,Electronics,4,583.6
831,857,Tablet,Electronics,3,955.05
832,42,Phone,Electronics,4,142.67
833,353,Tablet,Electronics,4,1401.44
834,532,Tablet,Electronics,1,1230.04
835,895,Phone,Electronics,5,576.94
836,932,Laptop,Electronics,5,763.09
837,841,Phone,Electronics,5,352.32
838,212,Tablet,Electronics,4,1180.56
839,178,Headphones,Accessories,2,1516.45
840,450,Phone,Electronics,1,1253.1
841,585,Phone,Electronics,2,295.6
842,539,Phone,Electronics,4,222.38
843,406,Keyboard,Accessories,1,798.76
844,379,Headphones,Accessories,1,170.36
845,938,Tablet,Electronics,5,740.02
846,727,Keyboard,Accessories,1,303.1
847,83,Keyboard,Accessories,5,194.94
848,686,Phone,Electronics,4,1101.67
849,354,Keyboard,Accessories,5,1550.25
850,902,Laptop,Electronics,3,1511.13
851,577,Tablet,Electronics,2,1358.68
852,176,Laptop,Electronics,1,1918.98
853,776,Phone,Electronics,5,308.7
854,543,Laptop,Electronics,5,638.72
855,682,Monitor,Electronics,2,1357.76
856,2,Tablet,Electronics,3,1273.15
857,929,Headphones,Accessories,4,1664.07
858,673,Headphones,Accessories,3,780.9
859,779,Phone,Electronics,2,475.2
860,411,Phone,Electronics,4,1323.64
861,611,Keyboard,Accessories,1,421.04
862,570,Keyboard,Accessories,1,163.7
863,831,Monitor,Electronics,5,1202.42
864,402,Keyboard,Accessories,1,1346.8
865,853,Phone,Electronics,1,1627.5
866,703,Tablet,Electronics,2,1774.47
867,5,Tablet,Electronics,1,898.39
868,873,Headphones,Accessories,1,465.62
869,142,Tablet,Electronics,4,1842.91
870,49,Headphones,Accessories,1,1110.83
871,352,Headphones,Accessories,1,779.18
872,703,Laptop,Electronics,5,1082.35
873,376,Headphones,Accessories,4,1780.21
874,282,Laptop,Electronics,2,1463.77
875,643,Headphones,Accessories,4,1588.62
876,486,Monitor,Electronics,2,752.2
877,943,Headphones,Accessories,2,1965.41
878,926,Keyboard,Accessories,3,254.14
879,677,Headphones,Accessories,4,658.9
880,289,Phone,Electronics,1,1967.89
881,545,Tablet,Electronics,2,928.96
882,345,Laptop,Electronics,1,593.25
883,702,Headphones,Accessories,3,326.05
884,913,Phone,Electronics,1,1472.38
885,183,Monitor,Electronics,4,1624.23
886,132,Phone,Electronics,4,1372.77
887,109,Headphones,Accessories,2,700.73
888,144,Tablet,Electronics,2,1129.75
889,603,Headphones,Accessories,5,1719.56
890,505,Keyboard,Accessories,2,154.38
891,395,Tablet,Electronics,1,1828.34
892,344,Phone,Electronics,3,314.88
893,372,Tablet,Electronics,4,472.51
894,937,Keyboard,Accessories,4,838.2
895,432,Phone,Electronics,4,1878.02
896,751,Headphones,Accessories,5,974.37
897,666,Monitor,Electronics,1,1567.94
898,224,Monitor,Electronics,2,948.78
899,72,Phone,Electronics,4,1862.0
900,519,Laptop,Electronics,4,1435.04
901,509,Phone,Electronics,2,658.04
902,700,Tablet,Electronics,5,103.08
903,629,Phone,Electronics,2,1373.09
904,5,Keyboard,Accessories,4,1027.25
905,317,Monitor,Electronics,5,1280.19
906,258,Keyboard,Accessories,5,1596.38
907,325,Tablet,Electronics,2,1657.07
908,819,Keyboard,Accessories,3,1825.24
909,800,Laptop,Electronics,1,578.1
910,398,Phone,Electronics,1,1695.94
911,609,Headphones,Accessories,5,1947.95
912,696,Headphones,Accessories,2,311.82
913,462,Monitor,Electronics,1,1121.24
914,166,Phone,Electronics,2,741.79
915,238,Headphones,Accessories,3,833.27
916,432,Phone,Electronics,2,1067.2
917,77,Tablet,Electronics,2,798.73
918,795,Headphones,Accessories,2,931.87
919,317,Phone,Electronics,2,833.05
920,355,Monitor,Electronics,3,810.15
921,276,Keyboard,Accessories,5,780.23
922,408,Phone,Electronics,1,576.33
923,635,Monitor,Electronics,2,1340.97
924,389,Phone,Electronics,5,403.73
925,737,Headphones,Accessories,4,337.09
926,562,Phone,Electronics,4,323.08
927,802,Tablet,Electronics,4,1549.77
928,730,Tablet,Electronics,2,1650.36
929,147,Tablet,Electronics,4,1504.61
930,866,Tablet,Electronics,1,494.98
931,628,Phone,Electronics,2,1653.56
932,726,Laptop,Electronics,3,1218.99
933,858,Laptop,Electronics,2,1658.21
934,500,Tablet,Electronics,3,173.94
935,866,Monitor,Electronics,5,1395.1
936,183,Keyboard,Accessories,1,1550.06
937,748,Headphones,Accessories,5,1626.4
938,40,Monitor,Electronics,2,1749.39
939,775,Monitor,Electronics,1,365.82
940,350,Keyboard,Accessories,5,115.56
941,581,Tablet,Electronics,4,628.24
942,257,Headphones,Accessories,5,458.66
943,84,Headphones,Accessories,4,1486.0
944,625,Monitor,Electronics,4,977.48
945,881,Headphones,Accessories,2,1616.17
946,444,Laptop,Electronics,2,587.5
947,835,Monitor,Electronics,4,950.06
948,877,Monitor,Electronics,2,1951.72
949,936,Tablet,Electronics,3,1686.56
950,272,Keyboard,Accessories,5,815.69
951,924,Laptop,Electronics,5,1414.64
952,922,Headphones,Accessories,4,150.47
953,715,Keyboard,Accessories,3,1945.26
954,398,Phone,Electronics,5,151.33
955,970,Tablet,Electronics,2,187.23
956,35,Keyboard,Accessories,2,1838.37
957,635,Laptop,Electronics,3,1377.14
958,745,Phone,Electronics,4,1094.22
959,859,Keyboard,Accessories,4,1841.78
960,83,Monitor,Electronics,5,1319.35
961,778,Laptop,Electronics,4,1583.0
962,552,Monitor,Electronics,1,193.62
963,218,Laptop,Electronics,3,945.13
964,807,Laptop,Electronics,4,1423.12
965,262,Phone,Electronics,5,1989.9
966,787,Keyboard,Accessories,3,857.31
967,620,Tablet,Electronics,4,568.36
968,116,Keyboard,Accessories,4,581.38
969,945,Keyboard,Accessories,2,1364.5
970,897,Monitor,Electronics,4,1393.85
971,998,Tablet,Electronics,5,204.06
972,468,Phone,Electronics,4,876.71
973,369,Keyboard,Accessories,4,735.31
974,105,Monitor,Electronics,1,1226.59
975,27,Keyboard,Accessories,2,1614.53
976,294,Tablet,Electronics,2,1620.58
977,627,Keyboard,Accessories,4,1477.57
978,242,Phone,Electronics,3,1246.03
979,657,Laptop,Electronics,5,1875.9
980,284,Tablet,Electronics,4,116.75
981,495,Keyboard,Accessories,3,1652.52
982,723,Laptop,Electronics,1,120.7
983,939,Tablet,Electronics,1,1361.03
984,849,Tablet,Electronics,4,1069.05
985,888,Headphones,Accessories,4,836.15
986,807,Keyboard,Accessories,2,189.54
987,819,Monitor,Electronics,2,1843.01
988,500,Monitor,Electronics,4,1741.12
989,94,Phone,Electronics,4,475.69
990,554,Keyboard,Accessories,3,773.91
991,783,Laptop,Electronics,4,1145.6
992,75,Phone,Electronics,4,443.65
993,68,Headphones,Accessories,2,1951.11
994,916,Keyboard,Accessories,4,624.04
995,220,Headphones,Accessories,1,1438.06
996,335,Keyboard,Accessories,2,689.85
997,300,Keyboard,Accessories,4,1793.89
998,415,Headphones,Accessories,3,869.47
999,583,Monitor,Electronics,5,1029.12
1000,657,Tablet,Electronics,5,1845.39
